month,customers,converted,engaged,avg_duration_sec,conversion_pct,engagement_pct,month_num
jan,1403,142,751,268.0,10.12,53.53,1
feb,2649,441,1268,248.0,16.65,47.87,2
mar,477,248,254,244.0,51.99,53.25,3
apr,2932,577,1767,298.0,19.68,60.27,4
may,13766,925,7282,261.0,6.72,52.9,5
jun,5341,546,2438,243.0,10.22,45.65,6
jul,6895,627,3458,268.0,9.09,50.15,7
aug,6247,688,2668,232.0,11.01,42.71,8
sep,579,269,361,292.0,46.46,62.35,9
oct,738,323,424,288.0,43.77,57.45,10
nov,3970,403,1857,253.0,10.15,46.78,11
dec,214,100,146,329.0,46.73,68.22,12
