job,customers,converted,engaged,avg_duration_sec,conversion_pct,engagement_pct
student,938,269,475,247.0,28.68,50.64
retired,2264,516,1281,287.0,22.79,56.58
unemployed,1303,202,705,289.0,15.5,54.11
management,9458,1301,4573,254.0,13.76,48.35
admin.,5171,631,2502,247.0,12.2,48.39
self-employed,1579,187,788,268.0,11.84,49.91
unknown,288,34,137,238.0,11.81,47.57
technician,7597,840,3715,253.0,11.06,48.9
services,4154,369,2149,259.0,8.88,51.73
housemaid,1240,109,561,246.0,8.79,45.24
entrepreneur,1487,123,742,256.0,8.27,49.9
blue-collar,9732,708,5046,263.0,7.27,51.85
